company_name,domain
"GlynnDevins, Inc.",
HAMPTON ROADS ORTHOPAEDICS & SPORTS MEDICINE,
Lance Camper Manufacturing Corporation,
"Liquidnet Canada, Inc.",
LINCOLN PARK ZOO,lpzoo.org
Nassau County District Attorney,
Newland Communities LLC,
"Pacific Realty Associates, L.P.",
"Phillips & Cohen Associates, Ltd.",phillips.com
"Pie Consulting & Engineering, Inc.",publicationintegrity.com
"SANFORD HEISLER SHARP, LLP",
Skai,skai.io
SLEEPY HOLLOW COUNTRY CLUB,sleepyhollowcc.org
"STAGING SOLUTIONS, INC",
Stripes,stripes.co
"Sughrue Mion, PLLC",
"Sunrise Medical Laboratories, Inc.",
Teladoc Inc,
Texas Book Company,
Clark County Rural Electric Membership Corporation,
Tony's Fine Foods Inc.,
UNITED COMMUNITY AND FAMILY SERVICES INC,
"VARGO PHYSICAL THERAPY, INC",
"Women's Healthcare Associates, LLC",
"WAVEFRONT TECHNOLOGIES, INC",
Atlantic Community Bankers Bank,atlanticcentral.com
AES Indiana,aesindiana.com
"AUTOMATED FINANCIAL SYSTEMS, INC",
"Air Culinaire Worldwide, LLC",
AppZen Inc.,
AMERICAN PUBLIC WORKS ASSOCIATION,apwa.org
City of Cape Coral,
Cardinal Solutions Group LLC,
"CAXTON ASSOCIATES, LP",
Commonwealth Bank & Trust Company,combankltd.com
Clarion Safety Systems,clarionsafety.com
"COHEN AND WOLF, P.C",
Harris Group Inc.,
KOPKA PINKUS DOLIN PC,
Kramer Rayson LLP,
Lakeside Bank,lakesidebank.com
LEGAL SERVICES OF THE HUDSON VALLEY,lshv.org
Merced City School District,mcsd.k12.ca.us
MEAD SCHOOL DISTRICT,mead354.org
"The Medical Protective Company, Inc.",
"MEIER SUPPLY CO., INC",
Perry Meridian High School,
Nova 401(k) Associates,
"ORTALE, KELLEY, HERBERT & CRAWFORD",
"PCAM, LLC",
Satellite Affordable Housing Associates,sahahomes.org
Sequoia Financial Group,sequoia.com.au
SOME INC,
"Southeast Milk, Inc.",
"Spark Hire, Inc.",
Susser Bank,susserbank.com
Chattanooga Times Free Press,timesfreepress.com
UNITED MORTGAGE CORP,
City of Waukee,waukee.org
"Wel Companies, Inc.",
Waukegan Public Schools,wps60.org
Amplifon Hearing Health Care,amplifonusa.com
BERKELEY HALL CLUB,berkeleyhallgolfshop.com
"Burgess-Norton Mfg. Co., Inc.",
"Burns Engineering, Inc.",
Canyon Creek Cabinet Company,
"Caromont Health, Inc.",
"Contract Lumber, Inc.",
Cortland County,cortland-co.org